script,output,description,status,returncode,output_path,rows,columns,log_path,message
session_count_Mirabelle.py,session_count.csv,Nombre de sessions de Run.Test par étudiant,ok,0,C:\Users\chris\Desktop\Code\TracesPresenter\Traces_presenter\Jupyter\Chaine\csv\session_count.csv,48,"SubjectID, SessionCount",C:\Users\chris\Desktop\Code\TracesPresenter\Traces_presenter\Jupyter\Chaine\csv\logs\session_count_Mirabelle.log,CSV produit
session_span_Mirabelle.py,session_span.csv,Durée (min) entre le premier et le dernier Run.Test,ok,0,C:\Users\chris\Desktop\Code\TracesPresenter\Traces_presenter\Jupyter\Chaine\csv\session_span.csv,48,"SubjectID, SessionSpan",C:\Users\chris\Desktop\Code\TracesPresenter\Traces_presenter\Jupyter\Chaine\csv\logs\session_span_Mirabelle.log,CSV produit
failed_run_ratio_Mirabelle.py,failed_run_ratio.csv,Ratio de tirs de tests non vides contenant au moins un FailedVerdict,ok,0,C:\Users\chris\Desktop\Code\TracesPresenter\Traces_presenter\Jupyter\Chaine\csv\failed_run_ratio.csv,46,"SubjectID, FailedTestRunRatio",C:\Users\chris\Desktop\Code\TracesPresenter\Traces_presenter\Jupyter\Chaine\csv\logs\failed_run_ratio_Mirabelle.log,CSV produit
exception_run_ratio_Mirabelle.py,exception_run_ratio.csv,Ratio de tirs de tests non vides contenant au moins un ExceptionVerdict,ok,0,C:\Users\chris\Desktop\Code\TracesPresenter\Traces_presenter\Jupyter\Chaine\csv\exception_run_ratio.csv,46,"SubjectID, ExceptionTestRunRatio",C:\Users\chris\Desktop\Code\TracesPresenter\Traces_presenter\Jupyter\Chaine\csv\logs\exception_run_ratio_Mirabelle.log,CSV produit
testratio_Mirabelle.py,testratio.csv,Taux de cas de test passés (Run.Test),ok,0,C:\Users\chris\Desktop\Code\TracesPresenter\Traces_presenter\Jupyter\Chaine\csv\testratio.csv,46,"SubjectID, TestPassRate",C:\Users\chris\Desktop\Code\TracesPresenter\Traces_presenter\Jupyter\Chaine\csv\logs\testratio_Mirabelle.log,CSV produit
eq_FE_Mirabelle.py,eq_FE.csv,Error Quotient de Jadud (granularité verdict),ok,0,C:\Users\chris\Desktop\Code\TracesPresenter\Traces_presenter\Jupyter\Chaine\csv\eq_FE.csv,41,"SubjectID, ErrorQuotient_FE",C:\Users\chris\Desktop\Code\TracesPresenter\Traces_presenter\Jupyter\Chaine\csv\logs\eq_FE_Mirabelle.log,CSV produit
eq_Mirabelle.py,eq.csv,Error Quotient de Jadud (granularité message d'erreur),ok,0,C:\Users\chris\Desktop\Code\TracesPresenter\Traces_presenter\Jupyter\Chaine\csv\eq.csv,41,"SubjectID, ErrorQuotient",C:\Users\chris\Desktop\Code\TracesPresenter\Traces_presenter\Jupyter\Chaine\csv\logs\eq_Mirabelle.log,CSV produit
red_FE_Mirabelle.py,RED_FE.csv,Repeated Error Density (granularité verdict),ok,0,C:\Users\chris\Desktop\Code\TracesPresenter\Traces_presenter\Jupyter\Chaine\csv\RED_FE.csv,41,"SubjectID, RED_FE",C:\Users\chris\Desktop\Code\TracesPresenter\Traces_presenter\Jupyter\Chaine\csv\logs\red_FE_Mirabelle.log,CSV produit
red_Mirabelle.py,RED.csv,Repeated Error Density (granularité message d'erreur),ok,0,C:\Users\chris\Desktop\Code\TracesPresenter\Traces_presenter\Jupyter\Chaine\csv\RED.csv,41,"SubjectID, RED",C:\Users\chris\Desktop\Code\TracesPresenter\Traces_presenter\Jupyter\Chaine\csv\logs\red_Mirabelle.log,CSV produit
