SubjectID,CompileCount
0031cf6ea10d6eecb4c2920a81095b6beee8c7e3971c26d4f4bd4b1282784ed1,30.61904761904762
01aa2a6fd77235caa3e9bd12fafd5ef45a2472853de504d55074bcf552e66172,12.0
02752e41c2313fb787d99ea8705e24198662552ed61813f3a255e5c3bc940e8a,36.869565217391305
02bffd079ea088c3392776f7c96cec552938973e57bd6720ca46de11f01650b7,17.0
0301161171c1cb936507368f8f85470c4d03ed1686e7c4bdad0049e8807d842a,28.4
04443629da192d0ba811da39de13a0188ebc81f315b9778076c99b3d24c77ca8,27.681818181818183
04fd4acf7e3673e756a9eb641d6cc6dc76d4e3a450faf28bfd053a6da897dc43,12.0
061efd55e22cee5cc61633dd3f82d6b83727307bc487bbfa252d101df45d5270,68.15384615384616
075b12bf003c3a146eeaca7b77488394ae317b4481bb19b94233eca62608acbe,45.35
07b6add08d4b48e6c0a30c66ecbed689f8e12535afec86dca220765fefb14cbb,34.0
07c6549980f522d8460e258b99937f6aa062b748ca6e63ebc987a32f69ca5002,17.0
0821bdbe0e9b45ef1248f3ce2d378754ad010e060c72eb5ac45a143f8d00d2d5,19.142857142857142
0ad9f193151b2b9ee24802793708005028088fd070d8baacea40222eee3eb0b0,32.625
0be2ffdd8177f008c2139719375404a02209ad6c1ecac70647eed46c97024824,34.27777777777778
0d89819dc405b1585ab3704393587e804ead36f6f767dcae3c728ff2ee99d4f2,23.0
0ed0c4cab57f5b1018a9f605ccd8092a9eb6f8c1c6f6b39b822dae5e782e19f1,20.0
0f3ee595209f6fb56079235002193d7edc45addc3e85975498e7b53fd20c12b0,24.210526315789473
102fdecfe7d37180ebf92ac9f22f8288157a924e33876b2f5775dfe5c42948a8,31.428571428571427
1068b352ab9997f9dea00edda33965685f72eab755fd8d250c6dd2f2f0fd0b8e,37.25
10bcdd8d8d0b12e9fef3271e873bf3940a60e8ae4825ea24a5157a5f4e796c6d,13.0
144f345b8427e56e5f0557ca67575f1458e51502e4cbad144a637a70fd389a9a,31.571428571428573
1493f647480bf7445d8942bef623217fd89160649e6d6e5c1e04bc7e75a428f4,22.0
14da2e46f92711a808b506b4678e5bf0e269f8f0f90f7890fef17ad4b33ace4c,72.44444444444444
16481dd59db8f29d609902af0f4d0e8fad02591bb8ec897478327e142ecd03ed,41.5
1681192784be6ea2a41de7f68e57e8b304c6dab4afa4eb766d61f02c052e8368,29.16
1694c76a84d2134aa72559d7a6ce62f4df7701a27a8a7582f6251f8216278b7a,41.22222222222222
16cd71bf550a1dfef691dc56d367e665783d44f89b66eb3b40c1214f612e9370,16.076923076923077
18c559c887705e917127890561acdc63bce8efb65f2144b422a5c0ed17cd5d5c,29.428571428571427
1955503c30105cc4a497caa259a72dc98402fde3f4140d32522e6ff78e3f7a91,17.3
1a068472e9ef841b24938b7df8b2ab02c2a8413a3d296b08cfa2bc850fb12416,24.235294117647058
1ae1a8fda39b0a08223b7c133df0544c6f5e0a426d6e94ec3cc750f789edcb35,25.321428571428573
1bc139a2fac5f3a4e9e8b5f1bf396a36f1265cb9eddc9861f6c6cb42c6339baf,4.0
1c54f448acb42f7f2b0f0366281c646cb361c9ba92649910f667174047d67c8c,30.384615384615383
1cf5a5b3a82d1a98fe9348a3f8218e48a822f8dfe648bc8a7618ce0ffe4bcfcc,19.0
1d1e40d20015a710d88989d27cb0774eab546a1fcd6bf238e1e0b4ca6eeab91f,19.0
1d28d26265db37b86a417fe273dbdc1879d14550198ad32c4f915761b71792d3,11.5
1d4756916e141e1deb229d2ee9be02e3a67ea00ce3e7bb40d430cc9c910828bd,30.846153846153847
1e4bd7a0b3b2a3fa26cac02e2092197da372fd0486a4358d5a50b3eda7e211ce,26.25
1eb9fcdd11ecf4f8e74678add97618060234094e6ccc3af8e164aa2e2afdae27,26.363636363636363
1f73494a9d3e90127d71b87566f97f9f8d30c8364f496bef12344c8ec5ab8f3b,28.444444444444443
1fa452f77d4cc771277af1649218b9dd0cefabd80eeaa7089b2ddc0271bf11ad,31.0
20aeb7444b8fb2fc3965e9f94b6ae672aedb47628869006ad7133d8292539df4,31.875
214374d7dfa69c12238ce40ee9956e6cf7f64f42987bdd13b61f9f4ecccbb777,22.25
21a2fcda27eefe657f7a6f6ce571825ebeef05d37649d80d94df664d56d4bea6,19.642857142857142
22b5ee8e9c2c51b9a5874eb8d88dbafd5166bf5087e7f892cab539a46a91a3c3,9.0
245868d239b98e047865fda6bcbab48d894815ccd86b9fcaa1d4c4464f7f6074,25.846153846153847
25427416f3fe7af754bd84c17195eb12c12b9d0276dc812d01d1acafca6556d2,34.08695652173913
258ae3ff6d02a707064097c05784e65f192789993f572af9d13f3351ffdc4835,42.65384615384615
264ed163a2453f3116dbe6d0ea8350601a15e87fa7126cb2ed258ad861dfdf09,37.0
2666e0c3baea210eb7be52ac56afc79903effbd3d42019d81d258f22be13912d,16.363636363636363
26f9a1a3989684676ee87f88abde54380ad94b34f58434608a87444e95692a93,19.545454545454547
277338aef3935c78fd88da4748374d6b952acd9b001610c54b8e860a279fd36b,26.7
2820584643c682e98bbf9913b3ae9042ab35b0c7156159e0be00997567928758,22.444444444444443
29f4e529e5dc43d14b0547e5bf7def4391de4995c0ab72d961375f95cc7e19f5,18.2
2a4923fa9ce5fa9f5676ad296d96b2efbfaf6c2f3ed102c27f2720619c055f56,28.0
2aa81636a0801032027619a430f7fd563d474f12c8a37e825f2cf4cf82c2513f,23.8125
2b0d7973d3697e56354e470aa6862914b640f05eafa24b668c31111c18c24c29,51.25
2b765fe0ff8921ba8007f68a8f3114e5f9d156793b297666974d2cc8c459dbe9,28.0
2da9ccda2c92ca42dc54cb2ad6fb83f9e028e6be253719f0f1c025ccc1bb21e8,10.0
2e8968dcf53d59483593d3a87e809c59f9fd26c7e08284408dda95862bd30040,19.0
2e8d9d186f91de089dd9a3729ab9328a2d96e24da35fe01e64019625679d0665,20.0
2e91b513729cdcd7d048887ca2ce87c42fab4ad9e8d66a0c88fbdc4a3b51edda,9.0
2fa52f17e355a71d8724c99ee2c6f1c126114469b3a19721461fa721ad8252df,19.88888888888889
30a94e0783e821f384919825a0751de1b0786e4e4b1d94c7fa60bfc9e3f2c7e2,6.0
30aaf42fe4bf69cdb8c8a67bbe0cbf93744f8c9f1a57f32743f8d67a11280524,12.0
312c86b7d64e33005a33b923397b49b912f1a2b970cacafd174f898897644b77,24.307692307692307
31454a3f2104f511572f100b672c778d783f92826ac86c8de0dcd9336f3bc56a,42.0
3150564d206ec136aa7a42329ea7329a3fc9ec58e6bbbee1e74184fa61f27b8d,31.0
32025281a83dcded7f2ed04216ab828bcc9a88f1d30a48a4c58d275c36d3a04f,10.0
327fb4cd88d86ea5aac6fe28ed8e4ac8bcd126fb1fcbbd819c453d84171b49a6,28.375
32b79cc616653b07490a0af1f23ddb5b48c51ceaf2e9f664c520f2830b479720,25.42105263157895
33ff5507d9f7e39c2cc9bf5c157d6b5e64c85c2e5e5c98fb4b71875cbf061c4f,29.428571428571427
346bb8476ab73eca6789340ad862094d5a23abcbb5038600dc869708f1402c78,7.0
3499935441b3acdcf94d2b0000a69a4121224cde064df888f08730b8a66776f3,28.444444444444443
352bc76fb1256b124c7797fc7866e2fa1d6f6da98c325ff3bc0b1f12687dc204,10.5
3557ff7d9f40e3e65f1344878275d557a3a6a9d1282d8799d9ab39710c8a9072,21.071428571428573
356af5c5923d2ab02d7ee3e4aa3868f438374c56442f922eac97f7cfb4bf6ffd,46.0
35b37f46015fb163a6bf29193439978211262163904916043de0ae69637fc1ed,43.0
35c9cfa8428ff48fddbf3761aa3b4f0d4a5069bace0d65e56bbc889596bc7606,42.45454545454545
3613cc55e0e9ddc33d86c239eea978d9f20d9af727be3c76c949fb78d569b391,22.88888888888889
370725ae2a89dc37220150a7591606a162c94a5c3c539bbc6f142f3017c27ab9,29.266666666666666
37b5131818a0faa988d16fb2dce9bbd19bbe9683cf9256496b54f08aa9d477b6,25.666666666666668
38b4d34228d3973922e089338fd15b05c0b582ec4da268d26def6738fba99860,16.307692307692307
39a54fcafbc2cbdd0c20077deb0d376d69f58969d26da4998de424c0ba0fd375,32.0
39ff2abf6a5520e2e12bb525dc934f67267072726ed1d7f635abdcc7cf3db8b2,28.533333333333335
3a6e37dbe53b4b382157e5b9af490d2e0b73003471c91a70bce8af2e9d4e65b5,17.625
3c3fb94447d0bd2697f78ed72972fe044af9601c36a718e64eeadc35caabd7e3,45.35
3c4453ecbaae0742f7b8ddd9402541fca1019ee6412599fc2c42006617f84038,29.58823529411765
3cea3e7262d4c3076e2364bba5a70b3e981359b19387c8be420124d6dfd66d9d,48.27272727272727
3e8e29b5180606b4dfe452286e097fc245d472615349ad512add5168ea670705,29.5
3ede51276f65fc40763a7f84d942897c848d70abe645cc8e5ff479373ac81b5d,22.041666666666668
3f808cfa068aade57075bb39b0f6e7adcfa88a37400182e8b43e9ba439f978a9,13.0
3f9f1fa0b4d8e9642e54da2c910f37617641c607a0a13ef7599ed40d7f7f264d,4.0
403ab1eff9fca5700f9a9c8f2b35f56478a38742264b24d31dbdd5ccdb671220,14.363636363636363
43152c7414cc1ca8bd3abd1be1d5097558af18a6bfcd2d243ddcf48d46fcb250,24.875
43503573417aa0e0bdbe08d05f4dcf15c2f1bdf168b5b5db221a1cf0ffca89e0,24.75
4351549545d6249b8195db2e62dce32e0d68a58c80acec0344edfb3cc762dd25,17.8
4595c483530efddfd10e4fd24f3f6b25fd9f95f8b0d60f8d571516a402ef60e1,24.266666666666666
45bb8c0c5667ca4eb6721be0f27cd215873c856c0af23c6587e43561d16a2f7b,17.0
460b7e8d162e05692c925232d9a2b12c8071a66cc9c332382c2dab9a3ed2789a,40.666666666666664
46674be57692052cb473af7ae11d7e4f137d9627bc31304dbe15cc291a7d3f04,25.0
46d471ff4ddf66791af111862176f49472c86368b28ae8254956c1bdec84f92e,16.5
471c04359337ba591dd699b5527635fc771256ea069656706fdf7fe4e5c9b29c,28.9
477a1d59e3d77303d48abce96d2dd27e2f930113d21c919a35acaf1ff7f4805b,21.6
479ad6ae2d4d00f008545727b39ebe1dc599226167ae430c95f6e37652f15cae,45.666666666666664
47ce39382d43431bf0cca0fd5b68d70cab3209e11f52d9cb471d8c930b42eb46,28.53846153846154
485ed96fc1df9311d81a9a5622dc60c0f7c697c69fb71250318e1e7634e41398,22.952380952380953
4891f9997e4863361ca7748a973e880815c23302e1f7e8ec05d18e38cb2ea4de,26.0
4954366c3a794c4683d2e16cabc666113e72cab7c0b3319fb0c08a6daef1554f,32.54545454545455
4984dacf63e12896431b4a1b271c380037ff9b23b8dfe33d788d2e09b24310f3,27.166666666666668
4ab2811be1a92b6c27847a702f0c5cf74dbf5feeec7a248871fb60b8154bc675,22.31578947368421
4b07d6eb08fad79b588294d3beeeff7e5023ac9a1c3a6b2e0b5e949222f42a64,47.2
4b08474d02481e6a2b2285fd46b80686039c8a270a8484197be426f0bfc1b9d6,19.333333333333332
4bc2804c71331a61bb32ea50848acbace7cca0f40d9dd68597393ec5ced8cdca,27.0
4bd2ed4b552bda40794d13b1c61bedda9c14d27a71c3f3d294f93a6b3d97baf7,19.357142857142858
4bfc2b911b83cdba728e550e8f41528032b2aac72f811a3553f96b8677c7f240,13.263157894736842
4c0cc592e44fd21e31022589641a737e13686ae6d77ec5c719dd002e68d58092,17.0
4d61d0c14adfa3d49fa52c96667f1222512150c9becf6a08e9817fd1130836ca,44.0
4ddb5f293d14c2381a743a981c0c1348c382f1a268fe1d8072379ee307b099f0,16.285714285714285
4dff0b963422b9e21ced98336723c69c5eb097085f64ea144411ee6590494922,31.0
4e3c5d66bb39d8a441a86f020c074737bfa4c8b9789364caf16bd4bf91098453,26.0
4ef4346d42e359ad5cd74c0d2a7a2bc98540f6698eaa6e0b71030d1f8bc45f91,20.375
4f344c790d84a35bac61bc003e80fe6280f4501b3f9c54820728a9f8ca34a66b,45.8
511e6dfa7a2db13d97047605b7f913192ef8f538f9c221bc87dc0393962ec017,19.9375
5167a4f0408bd53ca9b668b2f11aa68b47ff819527bc84c449bdfb278c4c14df,25.38888888888889
519e38483b27284e515832391a75166bf7ea7c3bfc1da9018177125f5f7c1965,13.0
5412a2eb65a5f83d3ca1b61a13f8d700f53c4028716b8acbe6f099a815a17b90,27.3
54a2b9067e8a4a197aae2e0da7561c1ec2d471282f99f3a622f10354b00f6e9e,31.0
556c45c852ff188f73a877a1a2e71441c7730f6debca08a5e0a1edaa72319ad8,32.57692307692308
55f6e96f03368fc68a755baa69e56305d52e663051808e40212eb7ee8179b24a,30.3125
56ad43f5779cdabebb5754cedd8a798223330155eb2c7e921a25b91c81362ba4,28.352941176470587
571df10735e43dfe717fd567a1018c32fedf98991e926efb4ecc41de815431a0,13.2
572630c404e3f0ecd8d2b1d06bea0692839b7e74d7c2c29c450fb567db8d8f70,8.5
57f87680ee956397ec8d0d5f3e6227ba147d82e32cbbf58a14b68cddc519d191,48.0
5874bb9b527cfbe3390ff50e437f24250472a3e02cbcae5663a6d68d5028ae98,18.0
58dfe52d88c8c1ab3c6d5af5a0b114bd97442c95cbd6de38844b12fbb7dfbe7f,17.75
59e3d241a6e5d2315c62ac6d5fcade4f68577fb72f21a63725bb5efe5d6d33f0,31.4
5a1f29c378ae0b49a2b1dd626df3626b80fead1ede995f9c9fa299da816aebab,34.666666666666664
5aeab565dde37816c60c0166ec55dfb826d7f973e852af015b0c196f16e6e187,17.0
5cf2946c5e96eeebb95c6ff2a6939505154c15f17df1bcca0df7572218bf522b,38.44444444444444
5db0581d84d768f34fb37f9af1e28d5f2e9f8bfabca2be23200dce7aa02914a1,39.6875
5e316ca62cb53d749c47d9600ea53e1b131917214b2c608b2bf7e97bc1a36961,40.333333333333336
5ea51978e18c4add3201c2d5ed40bd3fae552948d1e52fb4de7db980cdb3bf97,35.5
5f4e57091303a789cf410f5494c7d84e4b336116b885d77ebe2c392408f188ce,6.571428571428571
5f7ebe1f9ff65d8837e2a1d613ec2cb883a647342c3844334562c04478392ca2,20.0
6015aa04a892a5ac3010f112db82472ebf880982464bad651371d7011d09fd37,17.666666666666668
61ee6c5e4854a30d7136186c75ff05f36106379047de78e8c80d4e6c2e5fcfc6,16.11764705882353
621b5e7da79cd7f24d6caa28f6f337d40851ac4e2e3145226c7940ab2ae89f54,10.0
622f19e1d30f8c455d53743666f79eafe556a65121c0739b9f5b48af016829a2,50.8421052631579
63d18f6b129835a37f8b6aa166398d66e283d4e162773c9ef8d2c35638363f33,19.263157894736842
656f7736a5758c828f8e2f29fb02bd62646d954a64917e0f8f9824621a3f90e0,21.666666666666668
6728a1da754d148e00e99e9ec0ffcc26f1ddca5c5a47f9d2e20342c1a7e05e26,38.09090909090909
685451c44445c11ba26998312ddd3020c01a2bf281ebf7050671be21d51dc38c,58.27777777777778
68d91d8a1293792e67b3b6b387e21da990d09b1d61ba00d7cb73a06d7e563fea,22.571428571428573
69b63eddd63c0cb3840a7f461c839191046da1a8ba1cbbca44a625f63891c42d,24.0
69da3633e6aba85b1019f963c6acc3eea38f5680269e41251f4e2a9ceff0edaf,23.166666666666668
6ae538b99a1cafd424f89e0879c420970542c097a9801b6415053b3b10569752,22.0
6b89a9e05bef691381b7d045469f8f600388e6d9397fd1420a61c446d5e75469,31.928571428571427
6be578d3e4d7439142cb095d82b4ff1288e6eb7caa59ec038c97abf35331fee3,38.0
6c1130008a4c78df9c1d28da269c17c67ed0925d26a007de4e5e52d286f89eb2,36.166666666666664
6c4f3b918e12ec8ca1b1f3beb0c1f0661e3ae999c8a2bdabf7b61ef002bf8ee4,4.0
6ce108d250a9292e91e95b2a47c387f5d35df9595dd5d03b0c916f947880151a,14.0
6d0bc8fe0edb0078de7f628cc6a78f97ccb45fc766369b3b2e8f30e68d7e34bf,39.86666666666667
6e01b2f154582f70176b0bb03bd195eddfeb9df108715f080e951791c066f901,48.642857142857146
6ec115591cbbda265aa8918943ba1cceee379cde6996c2da9cc47ae90b8e1c52,5.0
6f556e2f83d71a5b18da5225a86d9cfc34db0a83384e81f7c11d42576dc8d412,33.0
705530a804d93e4272b4102c39aa2a87c57ad64ee9863aba9e01a69e77742029,7.4
70a4d1610ef645fbdb1c4556fa8e19da776a9aaa51df904f41f822bfc4a31247,28.0
7100501c54262b549d619a325d49ad3e1658564159c697e110d7908018528e75,35.111111111111114
711b6578f6958882200d46c67f0de2724887841f3a8720d8820b3a0bd5fd8d89,22.0
718c5ff9ae09b45e311a0728529322dd825c2c6efc32d0ca13700474c5e86883,105.08695652173913
71c5009288886bd8354f90fa80bb3b4931f611a66d575d318f4fb0fd8dbbcd35,11.2
71e550cbc37c9f025a49bcb325688b57bff283c6fd873f63cffa923af16dd736,31.0
72ea86f41f202d5598ea7b6f01f0d2c5de5178270f8d4a75e61f0ce4eaf13b8b,58.0
7321284a6fb72c45de27f185cc781925351229350f91eead2a224f78bbe5cd13,37.8125
74663cd671aba56ddbfafdc638583b67e3dba4b13e5790f49c8808f1ccfc239b,13.0
75a1d8ed20962f4cda55cfe9f27962aedce18ab80221f0ab9304b96e109e5576,35.76923076923077
7679818fb113b2a8068e0169c197fcd6be22fb1846fa254a6d456a1a1158da8a,27.25
767aecc63683277095de3257e11c82762e4e82a694e7718cc72022c6f2b6ba3a,25.0
76dedd134ca73c8668486a3ea04c4d69d717e53b796c43300507971578ad3ae2,35.35294117647059
77725e2b81146cd80909c1f18ef31a52c2346aabcbf73d6bf404ca35f8b24fa2,48.0
77a605ae4ac3d9b608e2f461ca6603a740352689d55a94de43dea0173f30b396,23.25
7829ee4ecfddbcc507c9d4dc5167c10c7e6d54e9cf9efb8e9c2fd2d0ec7ec07c,39.0
783ac12e999e5f120fa03bffeee65d0e9388927dc4c027487ccea1cc0b19bb06,9.0
7927fdc326917e31a10694b9da6b0d4d9e42852af7a05bfc0c99b70d2966e368,24.647058823529413
7a112601a4abd8ac61587da6fd2750426135f5f74d69fb4273069ef31ac0ae63,20.75
7a2e2ef8bb589d35211bc2ff6dd5f24b6cb6122d5d8af5825ba040f9bbe50f2d,29.692307692307693
7a74f3673428040b85d808dae45af45a8fb2e0e41d25af6ecd5a900e5e429c8e,31.24
7b0b29c546d1023a3e0fa1d19750e3ce6cb1ee0f1b49e2b6d9e04e9afce70821,52.142857142857146
7bff82d3e9364330e4d430227ad7f61e57967e5e46f0b878ea67a0d1cdc13668,23.952380952380953
7c31eee0bee7cbc5e892742e2e273b0fd54a7df2cabae6a8f3417171735930cd,50.5
7c4346202c1cb39f39661c1cfbb0d3f95ebfe954d91107e421c7e4485bbc1494,27.22222222222222
7c44f61d9648635685a5588dfeade95a1b90c7913e14704da19c7aed0e2b35a0,13.0
7d043a3d629379eee2b86da5b0cb6ead858b1fdd3625a0b15d2766ae82d7888c,29.333333333333332
7d10f3f150491579fb6f9de740e552141c68f5e3a75538a036bcbc25bcb7c4fe,24.708333333333332
7dad0480b88b5f78c4b890cd61fcb162f84593aa0952ae472d0ead3fc2ae7525,13.8
7e035a3c69c17ff95277650ecf366e0c6288908580a69ea4f6e11dae4e43d14a,24.428571428571427
7e24eec5efc5f41ddd6bd174f9367896b5d1e8ffb17df993024d40ffc9fdc3c7,38.333333333333336
7fdf9fbce234bbfe933d9054e12442fdd8cd5a77bd7665138b8d13914454ee00,23.333333333333332
803912a46b082be40edd985fdcea2cbdab37e4b5eac4398c90fc0a8034e43fd1,34.588235294117645
814404408bd0199512ad4ba3d68faf2960585cdfd69594702c94eff5bd230d06,20.57894736842105
81f9977b1cb660692df0608a306e0b0e7c4d8216ce002f75adb5a2ae54daef2b,25.666666666666668
841c8a22f29d717f260e594a6f2390675836a2451699898ea2563a7755d2411d,29.714285714285715
867355c9b68c12c5903b638411939dc6ea88c456cf5008e235717eaf7995f70d,14.666666666666666
875585308b27b4d73fb8d199953864e5b0c07c796d3234eb5c8eeaf84a25ec1e,22.0
875a9438e80cf7a876ccc9fb06eea6ece9dbedc57815883fb83dd6061a35dfed,14.785714285714286
87ec3649c413790e7ea086afc37d342d438a976f153762c35ed5cf5f575ea688,16.25
88352ea9ac3d0f2e15272eb1a168474a2df241a974574da0919c70133a9f9e17,18.75
886c55e0e56a5da036a6fee2c2f5e2df5fd7f3592e3679fe3c8cb7d752025375,17.0
8a668e242f3a2d041331530f914343f1f1d3beae04c1144d4b3205f5266168d1,15.75
8aad99ed71ce2e88e1f45173427baaff382f7efce111c6e313d73c93b5c0c6a3,12.5
8d0a6215dcebc81e339a1a6e3d002e210893369a58bcef31ab3f4ba467405345,21.5
8d5889f8e20e5c3d6906ac4f5358b8f01b9dde3d3ecebbcc521eb838c081d98a,13.333333333333334
901d8a33071afe7867926cc5531dbf90c60e09da7f00e4f924c8604f4e6d43cd,29.916666666666668
903cd79b87d031d59564714595680b80eee7e3144372d1ac65bbb221f11ee48c,26.5
907a20ee8d483eb92d4e1439ddb4656e0fb90b7f62f3704704775e371ca24425,26.875
90959ca5602d6c16556ec556b84756747e2747bb59a2f6d00aaa20042e0032db,29.0
90b360395c2dd6c87cff48bc8f0de7cd7a0092d0ebabc97f35961c61a54af6c1,25.733333333333334
913fab85a6d5111e37f89a38db472778f96b37cabc1e95bfda63a8da763f157c,4.0
9155af3ee12ce94764b3a95d42f1e8f649b52b15e54eeb25f45f2055f8bb2ac7,17.285714285714285
91dcd314220a03906075a920095c28c221ce9d46f40ff7166a9d9c7c24560c1d,54.0
924b5444df1fa359f2ff664d4290519cc4bb2e9126a684ba1fefcc7d5b7235c6,7.666666666666667
9250e7807f6c8ec9c624cfe65e2f2302078ed22517311660a5908f073c0e5eb1,27.928571428571427
92ba8913b7626d3591c2e74854c3e42e094f8d391375b71ff4785a357ee151af,17.5
937de36550b8a561bc98ff7418312f68797431b8bde9e3821428baaa1fa6bd06,54.0
93aa5e065c6367be94a623d135db17253b7a3e9f58493ed93ea1f8db7f31e59c,20.916666666666668
93c45d457d4165af103092ff9c4cdcfa24e9f4b1e0c82b398dd38cbf779e2ced,55.6
9469816b7548f230d9328e0731b676c5269a69fa1178a24d846fd8ee84716a5a,32.5
973d90c0774ace53df406494a67749358d32bf6dedc92320b0fdaec3d25c54a7,30.0
97b8db3b1b45ac444ded1465a3d2a71a855c99fce1efcee4e0c2dff031993295,6.0
986ffb5ce1387650ef19b2ef6feb99199475cd0b6b46913756127f8dbb5acf78,29.0
99271bf6bc1515593bf9a6ea0773c41992575a69bd1e395eeadc0a56085a9820,22.94736842105263
995f379a3dafceba704a1214ddb2fd6b81fdf30522af6550d1d66b42c29276be,23.5
99653ff9fafee64ba1762963fd0618df42a663bb5992da86ed15349c1b0d5c17,29.25
9b2bbb8d21b528df0a79dfa85cd355601b9e7f8a76a5148096692bf817e41467,17.0
9be32419109bbed7aa57f9a41e48584025c5ab4d53acbc65b916b7a6e0a3cb10,22.0
9d9b0b757e5de6bad7cdefac9030fdab8443a97a360b22b01dc50393f2684221,33.0
9db039796486e9048d824cc9981874d35074412e5cf5717a70629b5ff4bcf696,14.1
9dc68187549429df4f3437373f26b66209182c2362403ff35fafec27fc5112df,19.25
9dd19c0b7e51ac4145b141b21b65931290ca74f63d76ba5221aa095a6405291d,19.142857142857142
9ddec59680d7515fdde5142a7d9125faa09e88d59d61ab2ce7b57b42f6c3664f,24.708333333333332
9ef9eca46128a8d01ac4ef2d43787de51b86e42afc07737fee56345aeddaa151,13.0
9efbdf1999b9da8de7d9a6f3566a3c87eaf1ebc97c834e70dd7d8a9b5610a367,12.666666666666666
9f8b30169384d0831aebc18e59165bf0b25f64763b8ed2da60b379339f416bc5,17.4
9fc48a219eb1bda5234a525f36e4d345045d489ae61a59add51df210353c3234,16.818181818181817
9fed5a45cdf73f1f25d9fa9107fe22acf60a104b40e3ad4a32896d68fea248be,50.6551724137931
a0e2a4e401e09b5fb1ae1d627b7deed3d8585d6cbbf5e3594160c0dac40e4658,51.0
a1b5b0a0677527261a25370bf6120e998a7a662b3266e4581930f386a340266d,37.95238095238095
a20da6a9c348faddedf29c46fd8f3495f0a0c80bb1657a1bd6f0cde18fa4d468,44.0
a21ff661995a9170170dafb607f1c2c0ed52f47ce570c701053525ad60ff38a2,27.954545454545453
a322d2383f25e2d4fd51b7e093c7bae5d1fc34faa636e92fb39b307a3a605ba9,12.75
a48f68225ec41211ae2f9df72adfaf4fb5fc9b2aba62520e9290ae852190aa31,38.08
a4e93695f67bddf5d126734eb20ddbddbf1b821467446a58c2bf35a7e12b7c00,6.0
a5b275a232bab6173d895cba66b03a3f0517e42f4e01dfaf0a05130145ee4ca4,25.384615384615383
a5c58eaed91e17eb051bbb14d120b21a3e53972890b1741ebfbf91e605b9be8c,41.0
a5e94c4a9f8b5a7f3458be4f47678b8b97936bd6e666a766c462c86f6f3f5f1d,31.9
a68b209bcf053f4529ae29ed194ad359793e33ed74234eb33c27925c3d43ca94,47.714285714285715
a718fcabccd9da28be7c57f4f86443fe97ba7627878185744cbbb32e52d3df48,26.5
a757748f55780e047303bc599314599b0aad53f2c128aa868c50db06a7a7e7d7,14.8
a78187c3bf5febd4c2545384178500373e7a79d80e647dcd685d68fe99635c8d,14.0
a7913b9893d349676774a768b25c1446988fe7e4ba95b9a0a805741f8e222191,58.0
a88300dcde1dbe4c1f5e0efbc0f6bcab65112fee050f6ac74870807a192e5b51,139.5
aa2ddc77ab08269f183065b9facd5275233241a14a641ab9dee043b9dea62460,9.375
aa309e3b0dc2cb4ba2204d21909771e8c2a9ff3b76d0da0565c8eb05f24af744,49.04761904761905
aa89918517b9f7ba824bab9fa2ee5ddea06e523cefbe141e6c79aaf330ac1b03,14.0
ac4f3b51588aad478b0a97e21a2a665ff46107bbfeb9fbe3d9dc600d092d7cc3,25.6
ac53456a4f379ab8451cb8a3a0aa4a1b4e63fd6c104e1a1e4223dcd3c1076cac,18.0
ac6896de38ffe964ae3b77294a160d99e79c089f25bbbe3dbbf5ab5e99ed47ba,41.0
ad06148d812b52daadcea740206f2c3c57864df2d5334758089a5009ab4c5178,59.18421052631579
af002b68f0b81bf7783273d16ebedc2663e1add926f7c0da81e09fb096bc05ba,12.0
af6db4500e76d10130d4a17b4b9cf564b971bcd9293af5625573bf266d02d30d,15.571428571428571
afa1598cee1e18da39d8ed848b2f53a0850c90ec271c6ba0a1c3cfbdac56a2cc,47.416666666666664
afd735f037d301bef03f299c2d6ba9ff6e36fa56f47d26e4aac3438ded2777b1,17.0
b04f323a99d39caf9e6ae9d4e11f9052b772147a349e8c5b754ca8c49ec385c1,30.333333333333332
b1f9270598c6e3c0f0e2d3b32f8f918bee12a814decacb253b7e581191b5a08d,27.0625
b26602ca8f7988b9f9c89019f02ae7664429d174b33cd7c75e4a0b49cd2429a9,44.916666666666664
b3e590e9bd0e70f26d1fc24fb8dae0495f5a14709b36f007f87cc66ef5aa0bf1,27.764705882352942
b4212422165794137dca532ecad494d56356f6e994941652210167edf9171bea,33.68421052631579
b436d3c88121c4043efb84890f10d38ae184c5c5182e9acc4f0f1146e7bc08c6,29.94736842105263
b4b6fc5fef8b5eb8e442b3fd663828a799a1f50d6b78c4a14f75b4be75ced5a7,43.86363636363637
b852a09e99030ce3e3f14d6f23f8cd9c7876e7f1b4c2559fce041d6cbf4a403e,22.266666666666666
ba0885fabbc9f5b12a4abaa2b6e4d64133b86860fe7a38373d9758917b087b4d,54.76470588235294
ba8f7033af319401f8fbb9f959652211540540b13a1fde0104fd61434b5991ff,11.0
badf97380f9f06fbdbbc4f01d340e0df0c5ddb5fbb8f2d9aeaa8701a5fe50d09,22.15
bb3c799af5d3fd6faa873f90e66a26f56971b0aa3d87734e02c1ff81f1fd6936,5.0
bb725d0dab047d6b618f1ada309c1f877d17ee62ab25e06da992531dc0aa7b71,22.352941176470587
bbbd8fffc0a8c930006e3de11f8b5092a0dcf5e8138e7d5202a62204f33f274e,53.23809523809524
bbdf082b8207bde2132ee5b7e099b80e708fbc502b4a2709464d10f066702572,21.333333333333332
bc04448053fe14f982786f88c3e7315bd29c9ffefb2ca0a196d4d8b376c73af4,10.181818181818182
bd8f0f5cb09191ba2dddd2880d3f96c87273482fb46fafacd205cd4edfaeb726,24.8
bdc4b9667ec7ee728db5435ee8bd6cde5c6a6e8a6a264d0ba84dbe3e70824257,30.642857142857142
be8a2e962ce8444c3f408c69f5fafe53740f051c5152aceae58ba94d92fbce16,8.0
befcf3491ccf1d429febb43e73dfcc89a23abf25b7f104d79f95dfd77197c301,42.05263157894737
bf44aa9206207af527a16c3434a89b62f066df3e9b3b457e7af4d84fb6ec7abe,40.08695652173913
bff9c101cdf662051e707cafb80d5a19e484db63e3a625b811141ce7460db3f2,42.0
c04621e1830b64287828351442ac1e133f24a5346ff4623724fb96ec2aaeb9bd,20.4
c0b64e20adafd24337816ecbfb745915703bd5b2e896516b457a3ca3c24606bb,21.25
c0c17918327584f8129ca6e35834ce6debc586bfd5d90f086e6b2c4035158093,53.72222222222222
c1b74a59f57d78b89f92c47a8cddb8974e24d3421ab3a736560f039192447dbe,18.0
c1feba08be86db817c24b1d703a5863bd8a95f4c2ae2c1dbf332ce1eafbc5b20,42.03846153846154
c24f866ae80c05ee51d3b74a47b982bcf7bf0b170f99c33a387ff9a37e4c8988,29.291666666666668
c25af167c58d1d39f41f7c1b9f7ed75889b05872fd88d82fdc0408d6091e0699,41.07692307692308
c3dc5e5c9a311788a51feeae1fef830753a855073c61beb2c3b1bbd8afb25690,28.57894736842105
c40b460b220960d4deac8d4dc99dcbaeae11810222a3f43200ebc4cdf8031620,41.1
c487cf233de3fe4f515feec1feed6a2ca4c7710d160d33c14ca7ee38830e0f6b,23.77777777777778
c4bb4d05d7c59b50908033c8f51f04f219ad03a93504a08437c1269137c83c25,75.5
c4d974f54f1e56712e1c8446736edfb9f58f7bd03f8ed7823fc109c09560b485,19.5
c529009a96982436835dc0f6897e9bf6a250053902ad8b23ab8538aef12c096b,23.0
c56a5ea2c9226de38493f39df68c65cb9193eb8f88a693452111429b6d3e5fec,18.0
c57ec01b4d87d09c0a24414945ec664507a1d31ba79b3ff9f7a483202a344111,15.714285714285714
c5a278b967c523629b565ee96605ca4431a7dd4a7168e8535a55da5856a74bc6,10.0
c5b054332c9187d9560ea0f62e5c801420f4edc6432f93dceff2d8036543aea5,45.125
c68a2e17eca1457016b62512e9ffdfc31460147f06d083ef7b3da716e8584c45,17.0
c69aad08f9a996072a597a2dc58ca8ac9f141e52f76c5255ef6d51248537450f,40.07142857142857
c6f061a7448629df11591c84484c25c054f2acf861b01a0ec8d55e706479804d,5.0
c7033b90bd28f6f69828b5aaa0e7da457f87a179c7637dbb9c9e893289469dab,16.0
c7e287ec7fcf22d6f1c548937d476455a7db52a6197297466ad8f210312672ed,20.6
c8732878ca21eec7d094cfcde2f45fbc2647d4ee940877a6d21f7625c08d3832,38.0
c89b0319319f3c0bd0b4f12a807c14017855bf27a02ac1fd4626d341160dcc6a,22.0
c8ce1df77cc8c583b90c10f35c425fc417be3e516a1e44e1cdec3ed1b4818adf,30.785714285714285
c91ccb4c393cb45ccf48ae13bae293be585c067f641af4fff9f38ad26634398e,36.0
ca406f8b643c59c8eaf98ee44b5938f12db663076b47d75e070c6c7e3e853c8f,19.074074074074073
ca4d393e1a2e9d0f0ee3bf14ccaf66c524bde36f557639e6fa9a23882328dc73,11.0
ca907a7c201ae574bff41e1b1f4cb0761a59faec13a9c72361685f4c24100ad0,5.0
caff99f204b9bbd65a47fd2b2c984ae3a45f9cf8d7de42ae2b11015e382cda4b,33.125
cb554dd6b132394c98da691a27185fde14b9841a1cdd46cfb9c00cfc51a53851,41.0
cbc455f1c7ba7b539c46d11c6e9bf35cdc489eac60f84783535f83daa2120a3f,8.0
cbd05b5e03372b285a4291cd29b3ee8125dc2f8e28808b67585e20521e378250,26.166666666666668
cd7122c30b435c2923723b975901b28a11786d3b3a6fe017c08e7aa1fe1a3ca1,13.8
cec0c3bffabf9cfaee52d61d15578fd282ed629587410bc30eba5c031e9a352d,24.142857142857142
cf7eb60b9942708dd8616841ee53228415466c6f6ae2515532d38b6e52b0936d,46.05
d0b669ce03a289e08fe5311563d51cbcc0e0179d6cc39c216209656e61411d33,36.21052631578947
d100865577ae84993e129bb4e9b5c91fc4515aca0bd10c49f7c20987cd514f2e,26.375
d1c2321a4cc7b96acae299b669ac20d6c96cd961bfb4b31a64cd9ee4ac129e73,26.0
d2051d4a74c0705f75a94073004d726a5db6afbc1684ff92bc64dd434d8663fe,36.0
d2524c5aa99309f91f78c368cce1d4fc350a64b0664ceae8bececa3f17812b8a,16.166666666666668
d27de3d379a5c456282e2f2dadc339eb7d9b9842f6b002f07417ed1889b07ed9,53.0
d30b6855fb128bf8b166c1176d01621b0daa3047dce74bc8ac905a24fa298d8c,41.77777777777778
d37e9f8d034a95b81cf5ab8d0c352e3a917a0b5d6d670c093520af455e3c268f,23.0
d4c5f54408d23e5a8e297d4d61cd4d25aaa6be5614ac956dea29f423cbfd8683,20.5
d6be78cbdc5721d5083274824b0a98cb18a54bf989ba6187a92ad4b26d4453e3,14.0
d7997b3d161b5133b113ce96328f48ff1bc522f2cd971e8b57ea1b76e9380b88,28.125
d878f07586446e5cf7a45b6bfb8c58adbcbfa1e314b76e1e3c420f662bed0a62,52.333333333333336
d8b5b48505906580bcb0a011e7c39f771562fc9f388bda2ae5cced4cdb30fa12,31.0
d9d9a569fcae1f4c2186a25fd4f96378bbb3760a15390b0d1087e0342c6fc1b5,21.5
da3c01374c518b2fe019f4fc835c4a5bd18350c0304e154c0e036c423c2d6d89,49.857142857142854
dbec727d7cb0ceef25375f8a5eb9b1f1ff9fe6e87597df26baec3819a7c70ebd,23.235294117647058
dbfc0c7323cdb22b12e0140c65ad78f1b684e17531c954b572e52fc1897b551c,37.333333333333336
dc636ddfa28293ec5a21a7b5b20a6b60460787e2dc91ad06cb838049ba976955,17.5
dcad780be5865d42bb1b63b49ca1acfb86270ba9fe9974e363c23790a14a2121,18.571428571428573
deb1e7168d7b71bdaf12a0898d90963b5cbd3644aebddff04434b30776617081,15.083333333333334
df75204dce4b818ea21f78db523dbe3e1316d966f6a82b0db2d72088b6781c82,51.88235294117647
df9d990f5f83cf96608f36043e2e9102527e060afac47afeeb61241df72df52e,28.894736842105264
dfa3c32b1fc805287e6efb290981a51c723130c401dbae7a216c65cda06dedc8,34.666666666666664
e0287ddfadf0ebc07808c574318c33ad347956d900df09e69dcfcef424b7e9b2,27.0
e20bf9f88235bdf4ac925b5f5e79ff8e56473f159a74f36ab95232407d8e440a,23.533333333333335
e225ace16ef1249a76346edd9a7771000bf0ebe78741a36f54ca89178a9e0060,18.9
e2e9de4de21bb19898a5132172724b3ac3469ef5b8b1ca9a160bd02218d370af,29.42105263157895
e4376877f3ef344812fca3ee471a3e3c8c478e8c636054c2398706854b7aeeea,33.0
e51f301f85de8dd9feb00fa8ee2e0a9234abe8c852a9363a5f70e5ffd48d67d4,16.0
e53e69054edd5bba712ad9416641280672f0517df491b831ed1b7235d3fdcc00,18.8
e54eeacd05cf407fea8c5ae5d7d289d0bfba36b8af82513b5fba77265f197865,14.19047619047619
e5902265b37eb891d6b463ffd433d93365c148ae199e22d5003f0eccc918cb9c,34.583333333333336
e6b1ab6898ce8f5c569c33875754f1a7493d4558bca3f2439f3e4daa2976771c,26.0
e6e5ce71ceaa3777012e0df585e39b66f16e29c71ad325b8e94bef018cde8a23,39.16129032258065
e91733b17d1e8834e155eb9d1fff05f9e90ae36c8a3f924fcae82e9f940c6b00,49.0
e96cfdb962a17496fcb1345e6a48b6d0e72ba887d9fa42e3623a9bd057a114af,23.0
e9a501ae806b3c12915c7c4f372b4bdd8a69af7f450d57570ac5a1bc11b7b15d,16.23076923076923
eaecf1fa492a96a439dbcce32a227506d2c4a37390acd1b583e4d0678d3bd53f,34.11764705882353
ec5261d495efc75317de994f7719b137a3d606aa11da53b5f96b5849419a4806,24.0
ec991de3cf7eab1ef876febbb7ba174977b27ad52483d6dcb2b01c81fa71ecf3,50.892857142857146
ede70349699f67329428d27f56e81d20768c5700cc17b3fac51a3941d3db9986,37.21052631578947
ef25289f6d9b9b8dc16f4e831e9b5b19c8f6d22cd344b0281164910cb1c73154,26.0
efb8e7dfcd5f3264bc12179ace931980ebafb04ddbd236f7d1f432628d19f874,40.11764705882353
f022ffb1800d73c7877599a936b1fb9e24ef391088b914ef26450b1b6f2cdc5e,20.076923076923077
f039c42940d096bf9befc578040a0ccf3e7bb896b1be800a136ce01ec0a98728,50.6
f21b63d26eb41084dd64b10fadce7f065358d5bcf45f20cabacc683f83e29f5a,37.05882352941177
f31d6012d3e99b686d3e3c5b0f6012a04f6e2f69fcc072786481cd152a685fdc,22.05
f38f1ceb30055814ef491d03e2a4f9f9094a09be65cc57b85e2a6690de30122d,25.529411764705884
f42b50a85013fce8df2a6543cc06c62877e2ede7842430c49cdb7bf90fbb7f5b,31.695652173913043
f47ba3cab9f190423db2c7ba92ef338d37c685405f47e8210eb557dea68e258e,30.6
f5e73425539071d934f75bf805183e598248a54dcbc5cd11e3cf8a9e5c725c65,16.333333333333332
f695be8249f082d4c6b8ed2cf70d3ae6d5ee46ca44e9aae23e7dc0703d23d087,26.5
f9fa24b6968afee6fcfa9dfbecb5a15ff3ed3bcbcc5b2a2411d8941f354d5745,26.7
ff5c3703156f52416e744d6c7035d8c35a75876332a6b1ab9c934115a335b792,10.0
ff6fefbe8707f84fe2548ce0a94567b59e046260c95106294df0d483694d2c8a,31.05
